{
 "ours_30000": {
  "SSIM": {
   "00011.png": 0.9423393607139587,
   "00012.png": 0.9409939646720886,
   "00000.png": 0.9309684634208679,
   "00010.png": 0.9282883405685425,
   "00001.png": 0.9284269213676453,
   "00003.png": 0.9489408135414124,
   "00005.png": 0.9461886286735535,
   "00006.png": 0.9149827361106873,
   "00002.png": 0.9411947727203369,
   "00009.png": 0.9329128861427307,
   "00007.png": 0.9222874045372009,
   "00008.png": 0.9468963742256165,
   "00013.png": 0.9195725917816162,
   "00004.png": 0.9440967440605164
  },
  "PSNR": {
   "00011.png": 31.063091278076172,
   "00012.png": 29.242918014526367,
   "00000.png": 30.941150665283203,
   "00010.png": 30.638809204101562,
   "00001.png": 26.903160095214844,
   "00003.png": 31.916044235229492,
   "00005.png": 29.70585823059082,
   "00006.png": 27.103235244750977,
   "00002.png": 32.339969635009766,
   "00009.png": 29.621732711791992,
   "00007.png": 32.78312301635742,
   "00008.png": 29.096424102783203,
   "00013.png": 23.734020233154297,
   "00004.png": 29.754247665405273
  },
  "LPIPS": {
   "00011.png": 0.2591177225112915,
   "00012.png": 0.23168238997459412,
   "00000.png": 0.23457424342632294,
   "00010.png": 0.2576754093170166,
   "00001.png": 0.22446875274181366,
   "00003.png": 0.27694106101989746,
   "00005.png": 0.23488710820674896,
   "00006.png": 0.2494843602180481,
   "00002.png": 0.2487756609916687,
   "00009.png": 0.2274998128414154,
   "00007.png": 0.23275268077850342,
   "00008.png": 0.20929567515850067,
   "00013.png": 0.250232070684433,
   "00004.png": 0.2592134475708008
  }
 }
}