{
 "ours_30000": {
  "SSIM": 0.9348635673522949,
  "PSNR": 29.631702423095703,
  "LPIPS": 0.24261429905891418
 }
}